sample	reading_frame	riboseq_reads	frame_peptide
A375	Predicted	0	ENPIFLV*
A375	+1	0	ENPIFLV*
A375	+2	0	ENPIFLV*
A375	Predicted	2	LDRQST*
A375	+1	0	LDRQST*
A375	+2	2	LDRQST*
A375	Predicted	0	LCSLDTAK*
A375	+1	2	LCSLDTAK*
A375	+2	0	LCSLDTAK*
A375	Predicted	0	TRVRTSSPPEQAGIIFLAKDP*
A375	+1	2	TRVRTSSPPEQAGIIFLAKDP*
A375	+2	0	TRVRTSSPPEQAGIIFLAKDP*
A375	Predicted	10	AGVQWRDLGSLKASPPGITPFSCPSLPSSIQSKILQC*
A375	+1	0	AGVQWRDLGSLKASPPGITPFSCPSLPSSIQSKILQC*
A375	+2	0	AGVQWRDLGSLKASPPGITPFSCPSLPSSIQSKILQC*
A375	Predicted	5	PKSHSVAQAGVQWRDLGSLKASPPGITPFSCPSLPSSIQSKILQC*
A375	+1	0	PKSHSVAQAGVQWRDLGSLKASPPGITPFSCPSLPSSIQSKILQC*
A375	+2	0	PKSHSVAQAGVQWRDLGSLKASPPGITPFSCPSLPSSIQSKILQC*
A375	Predicted	3	ILPNKDYTSITKMKNEEEHSKRRKG*
A375	+1	2	ILPNKDYTSITKMKNEEEHSKRRKG*
A375	+2	5	ILPNKDYTSITKMKNEEEHSKRRKG*
A375	Predicted	0	MESCSVGQAGVQWRDLGSLKSLPPEFKSSSHLSLPSSWDYRHITTTPG*
A375	+1	3	MESCSVGQAGVQWRDLGSLKSLPPEFKSSSHLSLPSSWDYRHITTTPG*
A375	+2	0	MESCSVGQAGVQWRDLGSLKSLPPEFKSSSHLSLPSSWDYRHITTTPG*
A375	Predicted	30	KLYLETCPAEPAVTWKRCRPEKAAGLDLLFAQTLKRRDRESETKGV*
A375	+1	22	KLYLETCPAEPAVTWKRCRPEKAAGLDLLFAQTLKRRDRESETKGV*
A375	+2	16	KLYLETCPAEPAVTWKRCRPEKAAGLDLLFAQTLKRRDRESETKGV*
A375	Predicted	0	GCGMG*
A375	+1	0	GCGMG*
A375	+2	0	GCGMG*
A375	Predicted	12	DKTKTKMAPRTHQ*
A375	+1	0	DKTKTKMAPRTHQ*
A375	+2	0	DKTKTKMAPRTHQ*
786O	Predicted	0	MRKSKPVSSASYPVFT*
786O	+1	0	MRKSKPVSSASYPVFT*
786O	+2	0	MRKSKPVSSASYPVFT*
786O	Predicted	0	NHLDLESCAL*
786O	+1	0	NHLDLESCAL*
786O	+2	0	NHLDLESCAL*
786O	Predicted	3	GTRKVIINIYICSWG*
786O	+1	2	GTRKVIINIYICSWG*
786O	+2	1	GTRKVIINIYICSWG*
786O	Predicted	0	MLNLMEACVFIPAYMKSFYVLF*
786O	+1	0	MLNLMEACVFIPAYMKSFYVLF*
786O	+2	0	MLNLMEACVFIPAYMKSFYVLF*
786O	Predicted	4	VVRLPFHRGSCPISRRKECMLREDDNNKNPDRQVLLSFPAQSIDIRLSPFCPVIFLCGFPYFVDRKCKNRKFSLYLWIFILHSSF*
786O	+1	1	VVRLPFHRGSCPISRRKECMLREDDNNKNPDRQVLLSFPAQSIDIRLSPFCPVIFLCGFPYFVDRKCKNRKFSLYLWIFILHSSF*
786O	+2	2	VVRLPFHRGSCPISRRKECMLREDDNNKNPDRQVLLSFPAQSIDIRLSPFCPVIFLCGFPYFVDRKCKNRKFSLYLWIFILHSSF*
786O	Predicted	0	VKLTDDFPCLFIPGSRLQEADSIWDMPFSSQRAKQESW*
786O	+1	0	VKLTDDFPCLFIPGSRLQEADSIWDMPFSSQRAKQESW*
786O	+2	0	VKLTDDFPCLFIPGSRLQEADSIWDMPFSSQRAKQESW*
786O	Predicted	3	RENWSTKWPNSKRKPGEARTAMWLALIFDKSIHCISSLFNIHLLSAYYQQETRSSKINGVPFLPSGSSPPRGGAGKHFL*
786O	+1	0	RENWSTKWPNSKRKPGEARTAMWLALIFDKSIHCISSLFNIHLLSAYYQQETRSSKINGVPFLPSGSSPPRGGAGKHFL*
786O	+2	2	RENWSTKWPNSKRKPGEARTAMWLALIFDKSIHCISSLFNIHLLSAYYQQETRSSKINGVPFLPSGSSPPRGGAGKHFL*
786O	Predicted	0	RSAKQGDASTQYCLSGSGGTRPGTRKIMTPLPPQPPA*
786O	+1	0	RSAKQGDASTQYCLSGSGGTRPGTRKIMTPLPPQPPA*
786O	+2	0	RSAKQGDASTQYCLSGSGGTRPGTRKIMTPLPPQPPA*
MCF7	Predicted	4	DLLQVICLDHMEICRTEFLCEHLHLNPPLRETLRSLRPFESSFETHSWTSESLLDISAEYESD*
MCF7	+1	5	DLLQVICLDHMEICRTEFLCEHLHLNPPLRETLRSLRPFESSFETHSWTSESLLDISAEYESD*
MCF7	+2	5	DLLQVICLDHMEICRTEFLCEHLHLNPPLRETLRSLRPFESSFETHSWTSESLLDISAEYESD*
MCF7	Predicted	0	SPHPEAIHGSRKQVADGALQLWAMVHFRGYVFGLRHLHAVL*
MCF7	+1	0	SPHPEAIHGSRKQVADGALQLWAMVHFRGYVFGLRHLHAVL*
MCF7	+2	0	SPHPEAIHGSRKQVADGALQLWAMVHFRGYVFGLRHLHAVL*
MCF7	Predicted	0	VEVLLCCPGWSAVA*
MCF7	+1	0	VEVLLCCPGWSAVA*
MCF7	+2	0	VEVLLCCPGWSAVA*
MCF7	Predicted	0	ETPETSASWIQRDDCIYQGFSTSALLTRWVG*
MCF7	+1	0	ETPETSASWIQRDDCIYQGFSTSALLTRWVG*
MCF7	+2	0	ETPETSASWIQRDDCIYQGFSTSALLTRWVG*
MCF7	Predicted	0	VLWTEFTLVPEVWKK*
MCF7	+1	0	VLWTEFTLVPEVWKK*
MCF7	+2	0	VLWTEFTLVPEVWKK*
MCF7	Predicted	0	SGGQPQDRRKHPST*
MCF7	+1	0	SGGQPQDRRKHPST*
MCF7	+2	0	SGGQPQDRRKHPST*
MCF7	Predicted	0	IPSTAMAEEILLKRRNTSGQEIYEQILNITNHQRSENQSHNEIPFHTSQNGYC*
MCF7	+1	0	IPSTAMAEEILLKRRNTSGQEIYEQILNITNHQRSENQSHNEIPFHTSQNGYC*
MCF7	+2	0	IPSTAMAEEILLKRRNTSGQEIYEQILNITNHQRSENQSHNEIPFHTSQNGYC*
MCF7	Predicted	4	GIIKSCQI*
MCF7	+1	2	GIIKSCQI*
MCF7	+2	1	GIIKSCQI*
MCF7	Predicted	4	APPPNTLTTESVIQSSHLNSINISWKFWIFLSPGIIKSCQI*
MCF7	+1	2	APPPNTLTTESVIQSSHLNSINISWKFWIFLSPGIIKSCQI*
MCF7	+2	1	APPPNTLTTESVIQSSHLNSINISWKFWIFLSPGIIKSCQI*
MCF7	Predicted	0	TQSRPGAVAHASNPNTLGGQGRRIMRSRD*
MCF7	+1	0	TQSRPGAVAHASNPNTLGGQGRRIMRSRD*
MCF7	+2	0	TQSRPGAVAHASNPNTLGGQGRRIMRSRD*
MCF7	Predicted	7	TGSYSVTQAGVQWRDFGSLQPPPPDLK*
MCF7	+1	0	TGSYSVTQAGVQWRDFGSLQPPPPDLK*
MCF7	+2	0	TGSYSVTQAGVQWRDFGSLQPPPPDLK*
MCF7	Predicted	2	LLIQGSPIPRPETATGICGLRGTKQHSRR*
MCF7	+1	2	LLIQGSPIPRPETATGICGLRGTKQHSRR*
MCF7	+2	0	LLIQGSPIPRPETATGICGLRGTKQHSRR*
MCF7	Predicted	6	AAVSALFDGMLFSCTIRALPCCLLVFYQDLLRQQRKKSQKPSCTETAGQSLICHVGGR*
MCF7	+1	0	AAVSALFDGMLFSCTIRALPCCLLVFYQDLLRQQRKKSQKPSCTETAGQSLICHVGGR*
MCF7	+2	6	AAVSALFDGMLFSCTIRALPCCLLVFYQDLLRQQRKKSQKPSCTETAGQSLICHVGGR*
MCF7	Predicted	0	LGLPES*
MCF7	+1	0	LGLPES*
MCF7	+2	0	LGLPES*
MCF7	Predicted	0	KSLPNVCLHERC*
MCF7	+1	0	KSLPNVCLHERC*
MCF7	+2	0	KSLPNVCLHERC*
MCF7	Predicted	2	GLVLSPRLE*
MCF7	+1	0	GLVLSPRLE*
MCF7	+2	0	GLVLSPRLE*
MCF7	Predicted	6	LSERLPRTRHETKTSPSPRRTPDVEELMACVHPQSSALLPFF*
MCF7	+1	0	LSERLPRTRHETKTSPSPRRTPDVEELMACVHPQSSALLPFF*
MCF7	+2	5	LSERLPRTRHETKTSPSPRRTPDVEELMACVHPQSSALLPFF*
MCF7	Predicted	2	SRVPYIYFNPS*
MCF7	+1	2	SRVPYIYFNPS*
MCF7	+2	0	SRVPYIYFNPS*
MCF7	Predicted	7	AERVLQGFQGYRMP*
MCF7	+1	1	AERVLQGFQGYRMP*
MCF7	+2	0	AERVLQGFQGYRMP*
MCF7	Predicted	1	VSTLRKLKIVTAKLKMQKKLVSRLFTPSPSSFRRQKLETCLNK*
MCF7	+1	0	VSTLRKLKIVTAKLKMQKKLVSRLFTPSPSSFRRQKLETCLNK*
MCF7	+2	0	VSTLRKLKIVTAKLKMQKKLVSRLFTPSPSSFRRQKLETCLNK*
MCF7	Predicted	0	HFERGRDSSVIPICRRRN*
MCF7	+1	0	HFERGRDSSVIPICRRRN*
MCF7	+2	0	HFERGRDSSVIPICRRRN*
MCF7	Predicted	0	KQNKTLLPTRICLPAHSVQTHQNKY*
MCF7	+1	0	KQNKTLLPTRICLPAHSVQTHQNKY*
MCF7	+2	0	KQNKTLLPTRICLPAHSVQTHQNKY*
MCF7	Predicted	5	AVEFHTFISTLLEPTHVEGRSAGT*
MCF7	+1	2	AVEFHTFISTLLEPTHVEGRSAGT*
MCF7	+2	5	AVEFHTFISTLLEPTHVEGRSAGT*
MCF7	Predicted	11	QSRCVPAWWSCRSLCMALTSPGSSFSDFWSHIAPLGGLPARPSNGALHPPLATLQPTAANYSWGTNPVCCLFLSIKFYWDTTTWICL
MCF7	+1	1	QSRCVPAWWSCRSLCMALTSPGSSFSDFWSHIAPLGGLPARPSNGALHPPLATLQPTAANYSWGTNPVCCLFLSIKFYWDTTTWICL
MCF7	+2	0	QSRCVPAWWSCRSLCMALTSPGSSFSDFWSHIAPLGGLPARPSNGALHPPLATLQPTAANYSWGTNPVCCLFLSIKFYWDTTTWICL
MCF7	Predicted	5	VCEAAYGVPERKMGIKGGTCTWT*
MCF7	+1	0	VCEAAYGVPERKMGIKGGTCTWT*
MCF7	+2	0	VCEAAYGVPERKMGIKGGTCTWT*
MCF7	Predicted	0	RLGLTFWPRLECKDTITGHCSLELLGSINPQPLI*
MCF7	+1	0	RLGLTFWPRLECKDTITGHCSLELLGSINPQPLI*
MCF7	+2	0	RLGLTFWPRLECKDTITGHCSLELLGSINPQPLI*
MCF7	Predicted	6	PRRTPDVEELMACVHPQSSALLPFF*
MCF7	+1	0	PRRTPDVEELMACVHPQSSALLPFF*
MCF7	+2	5	PRRTPDVEELMACVHPQSSALLPFF*
MCF7	Predicted	0	APDRRRFH*
MCF7	+1	0	APDRRRFH*
MCF7	+2	0	APDRRRFH*
MCF7	Predicted	50	SHSHFS*
MCF7	+1	7	SHSHFS*
MCF7	+2	6	SHSHFS*
MCF7	Predicted	1	GVLLLLPRLVCNGSISAHRNLHLPVSSNSPASAS*
MCF7	+1	4	GVLLLLPRLVCNGSISAHRNLHLPVSSNSPASAS*
MCF7	+2	0	GVLLLLPRLVCNGSISAHRNLHLPVSSNSPASAS*
MCF7	Predicted	0	PSNTVFGLQHVACFGQWNNGK*
MCF7	+1	0	PSNTVFGLQHVACFGQWNNGK*
MCF7	+2	0	PSNTVFGLQHVACFGQWNNGK*
MCF7	Predicted	22	QSRCVPAWWSCRSLCMALTSPGSSFSDFWSHIAPLGGLPARPSNGALHPPLATLQPTAANYSWGTNPVCCLFLSIKFYWDTT
MCF7	+1	2	QSRCVPAWWSCRSLCMALTSPGSSFSDFWSHIAPLGGLPARPSNGALHPPLATLQPTAANYSWGTNPVCCLFLSIKFYWDTT
MCF7	+2	0	QSRCVPAWWSCRSLCMALTSPGSSFSDFWSHIAPLGGLPARPSNGALHPPLATLQPTAANYSWGTNPVCCLFLSIKFYWDTT
MCF7	Predicted	1	VKRQGLTEVSDSSYSLLEAE*
MCF7	+1	1	VKRQGLTEVSDSSYSLLEAE*
MCF7	+2	1	VKRQGLTEVSDSSYSLLEAE*
MCF7	Predicted	2	APPPNTLTTESVIQSSHLNSINISWKFWIFLSPESQLPCCCKLSD*
MCF7	+1	0	APPPNTLTTESVIQSSHLNSINISWKFWIFLSPESQLPCCCKLSD*
MCF7	+2	0	APPPNTLTTESVIQSSHLNSINISWKFWIFLSPESQLPCCCKLSD*
MCF7	Predicted	33	QSRCVPAWWSCRSLCMALTSPGSSFSDFWSHIAPLGGLPARPSNGALHPPLATLQPTAANYSWGTNPVCCLFLSIKFYWDT
MCF7	+1	3	QSRCVPAWWSCRSLCMALTSPGSSFSDFWSHIAPLGGLPARPSNGALHPPLATLQPTAANYSWGTNPVCCLFLSIKFYWDT
MCF7	+2	0	QSRCVPAWWSCRSLCMALTSPGSSFSDFWSHIAPLGGLPARPSNGALHPPLATLQPTAANYSWGTNPVCCLFLSIKFYWDT
MCF7	Predicted	7	QSQWIRRVHCFDYPRLGHMVHLPNPVFRDEPTKTVWSKSWGAGNCQVNLFLMSAYMKDAEEETNMKETQFLLSVYRGEEMKCDYRHGQC*
MCF7	+1	0	QSQWIRRVHCFDYPRLGHMVHLPNPVFRDEPTKTVWSKSWGAGNCQVNLFLMSAYMKDAEEETNMKETQFLLSVYRGEEMKCDYRHGQC*
MCF7	+2	0	QSQWIRRVHCFDYPRLGHMVHLPNPVFRDEPTKTVWSKSWGAGNCQVNLFLMSAYMKDAEEETNMKETQFLLSVYRGEEMKCDYRHGQC*
MCF7	Predicted	0	SKTPSPKKKERK
MCF7	+1	0	SKTPSPKKKERK
MCF7	+2	0	SKTPSPKKKERK
MCF7	Predicted	0	KMHIEDIYQ*
MCF7	+1	0	KMHIEDIYQ*
MCF7	+2	0	KMHIEDIYQ*
MCF7	Predicted	0	QGQKALTP*
MCF7	+1	0	QGQKALTP*
MCF7	+2	0	QGQKALTP*
MCF7	Predicted	0	VSKYLLLSLE*
MCF7	+1	0	VSKYLLLSLE*
MCF7	+2	0	VSKYLLLSLE*
MCF7	Predicted	0	VPKLIKMRQ*
MCF7	+1	0	VPKLIKMRQ*
MCF7	+2	0	VPKLIKMRQ*
MCF7	Predicted	0	MSNRRKRRGFAFLLLWTLFPPKQPFFQLP*
MCF7	+1	0	MSNRRKRRGFAFLLLWTLFPPKQPFFQLP*
MCF7	+2	0	MSNRRKRRGFAFLLLWTLFPPKQPFFQLP*
