sample	peptide	hla	value
LUN024	FRM0299	HLA-A*03:01	104.2
LUN024	FRM0299	HLA-A*03:01	91.3
LUN024	FRM0301	HLA-A*03:01	69.8
LUN024	FRM0301	HLA-A*03:01	65.3
LUN024	FRM0331	HLA-A*03:01	44
LUN024	FRM0331	HLA-A*03:01	38.3
LUN024	FRM0307	HLA-A*24:02	46.6
LUN024	FRM0307	HLA-A*24:02	42.7
LUN024	FRM0318	HLA-A*24:02	54.3
LUN024	FRM0318	HLA-A*24:02	46.2
LUN024	FRM0298	HLA-B*08:01	49.6
LUN024	FRM0298	HLA-B*08:01	62.1
LUN026	FRM0382	HLA-A*02:01	41.1
LUN026	FRM0382	HLA-A*02:01	46.7
LUN026	FRM0384	HLA-A*02:01	43.2
LUN026	FRM0384	HLA-A*02:01	51.5
LUN026	FRM0385	HLA-A*02:01	57.9
LUN026	FRM0385	HLA-A*02:01	54.3
LUN026	FRM0390	HLA-A*02:01	89.3
LUN026	FRM0390	HLA-A*02:01	91.6
LUN026	FRM0391	HLA-A*02:01	90.3
LUN026	FRM0391	HLA-A*02:01	92.5
LUN026	FRM0392	HLA-A*02:01	104.8
LUN026	FRM0392	HLA-A*02:01	87
LUN026	FRM0397	HLA-A*02:01	104
LUN026	FRM0397	HLA-A*02:01	85.8
LUN026	FRM0398	HLA-A*02:01	74.7
LUN026	FRM0398	HLA-A*02:01	77.7
LUN026	FRM0408	HLA-A*02:01	42.8
LUN026	FRM0408	HLA-A*02:01	40.8
LUN026	FRM0395	HLA-B*08:01	51.6
LUN026	FRM0395	HLA-B*08:01	45.4
LUN026	FRM0410	HLA-B*08:01	47.5
LUN026	FRM0410	HLA-B*08:01	42.1
LUN026	FRM0387	HLA-B*27:05	58.8
LUN026	FRM0387	HLA-B*27:05	62.4
LUN026	FRM0405	HLA-B*27:05	41.8
LUN026	FRM0405	HLA-B*27:05	45.7
LUN026	FRM0412	HLA-B*27:05	62.2
LUN026	FRM0412	HLA-B*27:05	81.5
LUN026	FRM0414	HLA-B*27:05	97
LUN026	FRM0414	HLA-B*27:05	107.4
LUN026	FRM0415	HLA-B*27:05	80.5
LUN026	FRM0415	HLA-B*27:05	87.7
LUN029	FRM0417	HLA-A*03:01	73.9
LUN029	FRM0417	HLA-A*03:01	74.8
LUN029	FRM0433	HLA-A*03:01	53.8
LUN029	FRM0433	HLA-A*03:01	52
LUN029	FRM0440	HLA-A*03:01	96
LUN029	FRM0440	HLA-A*03:01	89.2
LUN029	FRM0448	HLA-A*03:01	56.6
LUN029	FRM0448	HLA-A*03:01	44.7
LUN029	FRM0452	HLA-A*03:01	54.6
LUN029	FRM0452	HLA-A*03:01	56.1
LUN029	FRM0431	HLA-B*07:02	87.4
LUN029	FRM0431	HLA-B*07:02	87.4
LUN029	FRM0442	HLA-B*07:02	94.6
LUN029	FRM0442	HLA-B*07:02	84.5
LUN029	FRM0443	HLA-B*07:02	53.7
LUN029	FRM0443	HLA-B*07:02	47.1
LUN029	FRM0450	HLA-B*07:02	55.6
LUN029	FRM0450	HLA-B*07:02	47.3
LUN029	FRM0454	HLA-B*07:02	97
LUN029	FRM0454	HLA-B*07:02	86.9
Controls	Pos	All	100
Controls	Pos	All	100
Controls	Neg	All	9.7
Controls	Neg	All	9.6
Controls	UV	All	9.2
Controls	UV	All	10
Controls	Pos	All	100
Controls	Pos	All	100
Controls	Neg	All	4.6
Controls	Neg	All	3.7
Controls	UV	All	4.9
Controls	UV	All	4.2
Controls	Pos	All	100
Controls	Pos	All	100
Controls	Neg	All	6.5
Controls	Neg	All	9.2
Controls	UV	All	7.5
Controls	UV	All	9.6
Controls	Pos	All	100
Controls	Pos	All	100
Controls	Neg	All	6.6
Controls	Neg	All	6.6
Controls	UV	All	7.3
Controls	UV	All	7.3
Controls	Pos	All	100
Controls	Pos	All	100
Controls	Neg	All	6.8
Controls	Neg	All	7.6
Controls	UV	All	8.3
Controls	UV	All	8.9
Controls	Pos	All	100
Controls	Pos	All	100
Controls	Neg	All	7.9
Controls	Neg	All	7.4
Controls	UV	All	8.5
Controls	UV	All	7
Controls	Pos	All	100
Controls	Pos	All	100
Controls	Neg	All	8.7
Controls	Neg	All	9.2
Controls	UV	All	8.3
Controls	UV	All	7
Controls	Pos	All	100
Controls	Pos	All	100
Controls	Neg	All	6.5
Controls	Neg	All	6.5
Controls	UV	All	6.1
Controls	UV	All	6.2
Controls	Pos	All	100
Controls	Pos	All	100
Controls	Neg	All	10.2
Controls	Neg	All	9.5
Controls	UV	All	10.3
Controls	UV	All	8.4
Controls	Pos	All	100
Controls	Pos	All	100
Controls	Neg	All	12.3
Controls	Neg	All	11.4
Controls	UV	All	11.3
Controls	UV	All	11.2
Controls	Pos	All	100
Controls	Pos	All	100
Controls	Neg	All	8.7
Controls	Neg	All	7.8
Controls	UV	All	9.8
Controls	UV	All	8.3
